"","date_coll","date_dep","rhodo_acer","stream","N_coarse","mean_k_coarse","sd_k_coarse","se_k_coarse","ci_k_coarse","N_fine","mean_k_fine","sd_k_fine","se_k_fine","ci_k_fine","N_shred","mean_k_shred","sd_k_shred","se_k_shred","ci_k_shred","N_shred_new","mean_k_shred_new","sd_k_shred_new","se_k_shred_new","ci_k_shred_new","deployment"
"1",2018-11-02,2018-08-31,"A","CWCR",3,0.0376379110769556,0.0126033261126016,0.00727653372379518,0.0313083976898013,4,0.0155909841548761,0.00183530593352464,0.000917652966762321,0.00292038129360538,3,0.0226333826676693,0.0126291289888034,0.00729143102131613,0.0313724955876457,3,0.0132075849639472,0.00782138327104055,0.0045156777369705,0.019429393141645,1
"2",2018-11-02,2018-08-31,"A","HNCR",4,0.026417976738194,0.00862923104099387,0.00431461552049693,0.0137310322219252,4,0.0127259261422828,0.00164034572342098,0.000820172861710491,0.00261015609344452,4,0.0136920505959112,0.0080757565565217,0.00403787827826085,0.0128503308078366,4,0.00779511264568862,0.00468677908287499,0.00234338954143749,0.00745771138798823,1
"3",2018-11-02,2018-08-31,"A","LCCR",3,0.0235568504509905,0.000502168682392214,0.000289927223957745,0.00124745616159047,3,0.0112374784901992,0.00133551293951441,0.000771058755134874,0.00331759805757829,3,0.0123193719607913,0.000875180548252856,0.000505285725123311,0.00217406900450525,3,0.0069213937763413,0.000584570860572509,0.000337502143711949,0.00145215451993851,1
"4",2018-11-02,2018-08-31,"A","TOWR",4,0.0290894419085337,0.00462047119818354,0.00231023559909177,0.0073522007466645,4,0.0108229253824361,0.00100867927708565,0.000504339638542827,0.00160503381928874,4,0.0182665165260975,0.00395274383936331,0.00197637191968165,0.00628969751365735,4,0.010629863857492,0.00243252744917296,0.00121626372458648,0.00387069399656085,1
"5",2018-11-02,2018-08-31,"A","USHF",3,0.0261175382838399,0.00785853387682565,0.00453712664922108,0.0195216803624901,4,0.0122516602177775,0.00184675443618578,0.000923377218092892,0.00293859841610287,3,0.0142314845419554,0.00599548601779654,0.00346149546629747,0.0148936129170802,3,0.00806213974635456,0.00356266627649423,0.00205690633376674,0.00885015365182044,1
"6",2018-11-02,2018-08-31,"A","WS17",4,0.074937599870665,0.0236983204345438,0.0118491602172719,0.0377093161541717,4,0.0148426810969597,0.000492845032582205,0.000246422516291103,0.000784226426509334,4,0.0600949187737053,0.0235044030036585,0.0117522015018292,0.0374007502484461,4,0.0380764282244729,0.0157590118209189,0.00787950591045944,0.0250761044722028,1
"7",2018-11-02,2018-08-31,"A","WS34",4,0.031841863167446,0.0113873255300859,0.00569366276504293,0.0181197760301423,4,0.0129278814583321,0.00252176011980432,0.00126088005990216,0.00401268308804154,4,0.0189139817091139,0.0108742800787953,0.00543714003939764,0.0173034062296911,4,0.0110205564096306,0.00680103678186654,0.00340051839093327,0.0108219671892749,1
"8",2018-11-02,2018-08-31,"A","WS37",4,0.0411168265265561,0.0135530455029386,0.00677652275146931,0.0215659197930845,4,0.0178329173021101,0.00123496600002062,0.000617483000010308,0.0019651064919583,4,0.0232839092244459,0.0134583969598055,0.00672919847990276,0.0214153128398873,4,0.0134307560217192,0.00826685705372151,0.00413342852686075,0.0131544143434623,1
"9",2018-11-02,2018-08-31,"A","WS55",4,0.0282783200135415,0.00566348686784453,0.00283174343392226,0.0090118714287973,4,0.0109565807531371,0.000952228837092912,0.000476114418546456,0.00151520857219547,4,0.0173217392604045,0.00568280567761098,0.00284140283880549,0.00904261196617918,4,0.0100584835909832,0.00360102109273677,0.00180051054636838,0.00573002813591441,1
"10",2018-11-02,2018-08-31,"R","CWCR",0,NA,NA,NA,NA,1,0.00608563498594966,NA,NA,NA,0,NA,NA,NA,NA,0,NA,NA,NA,NA,1
"11",2018-11-02,2018-08-31,"R","HNCR",4,0.00771196959463596,0.000945551940300521,0.000472775970150261,0.00150458413943162,4,0.00482121735973706,0.000434630677896029,0.000217315338948015,0.000691594397516586,4,0.00289075223489891,0.00113186334128286,0.00056593167064143,0.00180104715427586,4,0.0015695633222765,0.000636084440911485,0.000318042220455742,0.0010121522894136,1
"12",2018-11-02,2018-08-31,"R","LCCR",4,0.00553513690327045,0.000642917771477993,0.000321458885738997,0.00102302564322069,4,0.00406826481211139,0.000675288491231195,0.000337644245615598,0.00107453468195966,4,0.00146687209115906,0.000454900691542625,0.000227450345771312,0.000723848512535415,4,0.000774892311303394,0.000254214490630827,0.000127107245315414,0.000404511983228828,1
"13",2018-11-02,2018-08-31,"R","TOWR",4,0.00512236197269982,0.000710358100693729,0.000355179050346864,0.00113033825649055,4,0.00313252359726628,0.000814176326904824,0.000407088163452412,0.00129553622170386,4,0.00198983837543353,0.000394213609664998,0.000197106804832499,0.000627281822785464,4,0.00108342276060129,0.000239780179829919,0.000119890089914959,0.000381543773689994,1
"14",2018-11-02,2018-08-31,"R","USHF",4,0.0133661507641969,0.00562693632797595,0.00281346816398798,0.00895371136351687,4,0.00527407193496604,0.000719417436234019,0.00035970871811701,0.00114475368094982,4,0.00809207882923087,0.00529318582725799,0.002646592913629,0.00842263983956864,4,0.00472788470378086,0.00334744000712919,0.00167372000356459,0.00532652404142357,1
"15",2018-11-02,2018-08-31,"R","WS09",4,0.00921575609336705,0.0013904652964373,0.00069523264821865,0.00221254057263605,4,0.00562037998853795,0.00119190816071097,0.000595954080355486,0.00189659186114607,4,0.00359537610482912,0.00121581356757518,0.000607906783787592,0.00193463069802173,4,0.00195948975072638,0.000715996611782771,0.000357998305891385,0.00113931038588187,1
"16",2018-11-02,2018-08-31,"R","WS17",4,0.01251529361549,0.0017891781325793,0.00089458906628965,0.0028469816687607,4,0.00543868797266955,0.000840236146515014,0.000420118073257507,0.00133700321002126,4,0.00707660564282046,0.00156369009306116,0.000781845046530582,0.00248817987963562,4,0.00403682080090252,0.000955467906616488,0.000477733953308244,0.0015203626546144,1
"17",2018-11-02,2018-08-31,"R","WS34",3,0.00696288652797181,0.00159096553386314,0.000918544379247299,0.00395217748076442,4,0.00395558492030729,0.000206635282168944,0.000103317641084472,0.000328802845139907,3,0.00299047839907375,0.00136910196986531,0.000790451390849781,0.00340103783457407,3,0.00164413940663345,0.000781124182326172,0.000450982256936542,0.00194042003887658,1
"18",2018-11-02,2018-08-31,"R","WS37",3,0.00820812326489847,0.00104466802870849,0.000603139367588641,0.00259509924637463,4,0.00540172783170913,0.00038439095049318,0.00019219547524659,0.000611651780090757,3,0.00294073052745552,0.000978488505636154,0.000564930602127988,0.002430700197365,3,0.00158397735468482,0.00055248032167377,0.000318974662440322,0.00137243720206977,1
"19",2018-11-02,2018-08-31,"R","WS55",4,0.00680714818050128,0.00038740706148839,0.000193703530744195,0.000616451085737272,4,0.0043633688423176,0.00030675880220054,0.00015337940110027,0.000488121708338182,4,0.00244377933818367,0.000638978801394037,0.000319489400697019,0.00101675786282553,4,0.00131685612897066,0.000362329747166705,0.000181164873583353,0.00057654748258253,1
"20",2018-12-05,2018-09-28,"A","CWCR",4,0.0325968357430878,0.0201738810138737,0.0100869405069368,0.0321011465479177,4,0.0115811273620092,0.00147988580432493,0.000739942902162465,0.00235482855510784,4,0.0210157083810786,0.0202896157327803,0.0101448078663902,0.0322853063122065,4,0.0127224707765326,0.0132643481872644,0.00663217409363222,0.0211065379402782,2
"21",2018-12-05,2018-09-28,"A","HNCR",4,0.0139654307399648,0.00306218310175763,0.00153109155087881,0.00487261664914539,3,0.00876520000268353,0.000479152675857907,0.000276638926389492,0.00119028123178471,3,0.00586319028507616,0.0035687718121671,0.00206043136643102,0.00886532064323585,3,0.00322019386917601,0.00207351061823257,0.00119714191360412,0.00515088592246627,2
"22",2018-12-05,2018-09-28,"A","LCCR",4,0.0153504107044508,0.00518906093631219,0.00259453046815609,0.00825695390232937,4,0.00836197310736425,0.000511614329826152,0.000255807164913076,0.00081409256684272,4,0.00698843759708656,0.00565486945575215,0.00282743472787607,0.00899815920316006,4,0.00395935725622517,0.00331894088375651,0.00165947044187825,0.00528117557648297,2
"23",2018-12-05,2018-09-28,"A","TOWR",4,0.012525065240483,0.000680416030940425,0.000340208015470212,0.00108269374186108,4,0.00932304535357574,0.00125819994997468,0.000629099974987339,0.00200207689105253,4,0.00320201988690728,0.0016738199409936,0.000836909970496801,0.00266342104346264,4,0.00169889038100971,0.000926204607063803,0.000463102303531901,0.00147379821484347,2
"24",2018-12-05,2018-09-28,"A","USHF",0,NA,NA,NA,NA,0,NA,NA,NA,NA,0,NA,NA,NA,NA,0,NA,NA,NA,NA,2
"25",2018-12-05,2018-09-28,"A","WS09",4,0.0137650945098079,0.00215029557214819,0.00107514778607409,0.00342160009942546,4,0.007926983939361,0.000998922002517556,0.000499461001258778,0.0015895078180893,4,0.00583811057044692,0.00169415198103345,0.000847075990516724,0.00269577385631449,4,0.00319652092927132,0.000973005312843171,0.000486502656421585,0.00154826858143958,2
"26",2018-12-05,2018-09-28,"A","WS17",3,0.039015056245116,0.0114730389020754,0.00662396209853628,0.0285006086050241,4,0.0104862050238062,0.000989345286771153,0.000494672643385577,0.00157426912626735,3,0.0289787005700326,0.011268873520869,0.00650608716073758,0.0279934336821355,3,0.0177553427652312,0.00751327105320304,0.0043377890650614,0.0186639999618638,2
"27",2018-12-05,2018-09-28,"A","WS34",4,0.0119179265531164,0.00200470519508107,0.00100235259754053,0.0031899333206344,4,0.00871417813695271,0.000583453276270828,0.000291726638135414,0.000928404361686885,4,0.00320374841616367,0.0017048231199505,0.000852411559975251,0.00271275401962436,4,0.00169731123645638,0.000938750468411985,0.000469375234205993,0.00149376147989054,2
"28",2018-12-05,2018-09-28,"A","WS37",3,0.0161675230630561,0.00195850796395524,0.00113074510019958,0.00486520349202456,2,0.0107991711866002,0.00214872806047768,0.00151938018248958,0.0193055556707991,2,0.00433673529536801,0.00101466004333789,0.00071747299724326,0.00911635879564976,2,0.00229844692021561,0.000581541065155469,0.00041121163070988,0.00522493916969599,2
"29",2018-12-05,2018-09-28,"A","WS55",4,0.01339837412199,0.00331237626893149,0.00165618813446574,0.00527072980938523,4,0.0106966796786467,0.00168069434680504,0.000840347173402519,0.00267435975715045,4,0.00270169444334337,0.00391214150595263,0.00195607075297631,0.00622509014068299,4,0.00147287985188675,0.0020324643432615,0.00101623217163075,0.00323410431991673,2
"30",2018-12-05,2018-09-28,"R","CWCR",4,0.00505656100365433,0.000775138181012968,0.000387569090506484,0.00123341782012453,4,0.00320813552124042,0.000268180560622723,0.000134090280311361,0.000426735117151349,4,0.00184842548241391,0.000945992221894638,0.000472996110947319,0.00150528472569786,4,0.00100473701915437,0.000546414418623844,0.000273207209311922,0.000869467273851599,2
"31",2018-12-05,2018-09-28,"R","HNCR",4,0.00343171359617589,0.000741720305348182,0.000370860152674091,0.00118024252265461,4,0.0032872896327468,0.000532123605965434,0.000266061802982717,0.000846727401879469,4,0.000144423963429096,0.000597682109430329,0.000298841054715164,0.000951045610445361,4,7.88684405721482e-05,0.000302486051040347,0.000151243025520174,0.000481322807766606,2
"32",2018-12-05,2018-09-28,"R","LCCR",3,0.00665613831653436,0.00341638520072091,0.00197245091529167,0.00848677131497653,4,0.00277881732360661,0.000515640153125775,0.000257820076562887,0.000820498550085524,3,0.00379294814061148,0.00284542751200489,0.00164280834001559,0.00706843378862327,3,0.00218536804612703,0.00171193240579478,0.000988384635320058,0.00425267584920227,2
"33",2018-12-05,2018-09-28,"R","TOWR",4,0.00348757439595737,0.000680957592006994,0.000340478796003497,0.00108355548636877,4,0.00308561581162623,0.00105146706459918,0.00052573353229959,0.00167311873743058,4,0.000401958584331142,0.000485429187056697,0.000242714593528348,0.000772426161412729,4,0.000210466314267995,0.000252637295530886,0.000126318647765443,0.000402002313869568,2
"34",2018-12-05,2018-09-28,"R","USHF",4,0.00890170147716348,0.00394560817210265,0.00197280408605133,0.00627834307470264,4,0.00330441580385672,0.000432912695801405,0.000216456347900703,0.000688860704631796,4,0.00559728567330674,0.00376676638133207,0.00188338319066603,0.00599376587656856,4,0.00330349292646668,0.00238819363495045,0.00119409681747522,0.00380014900492506,2
"35",2018-12-05,2018-09-28,"R","WS09",3,0.00346687132414252,0.000284833017412622,0.000164448419277271,0.000707564440106334,3,0.00337603888952347,0.000372034957635508,0.000214794482938811,0.000924186068351801,2,1.2022166681764e-05,0.000588843353583855,0.000416375128375772,0.00529054762819358,2,1.00702167691795e-05,0.000294732948668699,0.000208407666642744,0.00264807048095114,2
"36",2018-12-05,2018-09-28,"R","WS17",4,0.00681517059179484,0.000772892848065405,0.000386446424032702,0.00122984499435297,4,0.00393611370426018,0.000183564644652757,9.17823223263785e-05,0.000292092312577942,4,0.00287905688753465,0.00085006690069778,0.00042503345034889,0.00135264613368481,4,0.00157692656010264,0.00048903250651682,0.00024451625325841,0.000778159846764043,2
"37",2018-12-05,2018-09-28,"R","WS34",4,0.00237588224910666,0.00037178633321587,0.000185893166607935,0.000591595021248911,4,0.00268821108585798,0.000135854082983493,6.79270414917464e-05,0.000216174162224262,4,-0.000312328836751315,0.000335896896935091,0.000167948448467546,0.000534486919303672,4,-0.00014980128101587,0.000162384752622641,8.11923763113207e-05,0.000258390378009167,2
"38",2018-12-05,2018-09-28,"R","WS37",4,0.00460442631998261,0.000682153074146165,0.000341076537073082,0.00108545776522719,4,0.00329253122046104,0.000367200538526473,0.000183600269263237,0.000584297998565881,4,0.00131189509952157,0.00059400098021253,0.000297000490106265,0.000945188112406133,4,0.00069662549471503,0.000332120182953558,0.000166060091476779,0.000528477324575349,2
"39",2018-12-05,2018-09-28,"R","WS55",4,0.00359076948205518,0.00072517605818471,0.000362588029092355,0.00115391693352507,4,0.00262532965602915,0.000273164673498775,0.000136582336749388,0.000434665952955104,4,0.000965439826026031,0.000886596767966739,0.000443298383983369,0.00141077330424611,4,0.00052074881526713,0.000498991403207246,0.000249495701603623,0.000794006673752617,2
"40",2019-01-07,2018-11-02,"A","CWCR",4,0.022689144307532,0.00498955650916177,0.00249477825458089,0.00793949783879308,4,0.00978739277620707,0.00168948004865702,0.000844740024328509,0.00268833976934953,4,0.0129017515313249,0.00358114867073086,0.00179057433536543,0.00569840667791954,4,0.00735492163492433,0.00212404220352707,0.00106202110176353,0.00337982513144069,3
"41",2019-01-07,2018-11-02,"A","HNCR",4,0.0151495872316113,0.00462229974735007,0.00231114987367503,0.00735511037643402,4,0.00859104835555283,0.00077931897234485,0.000389659486172425,0.00124007039208818,4,0.00655853887605849,0.00454854846900762,0.00227427423450381,0.00723775563479858,4,0.0036488341072245,0.00267454265513468,0.00133727132756734,0.00425579419557852,3
"42",2019-01-07,2018-11-02,"A","LCCR",4,0.0118351838244122,0.00628391397231117,0.00314195698615559,0.00999910940195118,4,0.00753132512051278,0.0005289096249902,0.0002644548124951,0.000841613240939528,4,0.00430385870389946,0.00649593156251419,0.0032479657812571,0.0103364767002496,4,0.00256782756942941,0.00340595876333988,0.00170297938166994,0.00541964044116983,3
"43",2019-01-07,2018-11-02,"A","TOWR",4,0.0139751494095056,0.00593067773767381,0.00296533886883691,0.00943703172704418,4,0.00787852750486829,0.000755492256129094,0.000377746128064547,0.00120215676959424,4,0.00609662190463733,0.00525301429918062,0.00262650714959031,0.00835871797401492,4,0.00340628975330167,0.00308500301551176,0.00154250150775588,0.00490892822425225,3
"44",2019-01-07,2018-11-02,"A","USHF",3,0.0373896721333994,0.0222499622678228,0.0128460217047865,0.0552719703545205,4,0.0102027023293933,0.0012581718532574,0.000629085926628702,0.00200203218290549,3,0.0275051478341482,0.0211359708129763,0.0122028584384559,0.0525046621709687,3,0.016960553976992,0.0139713656368361,0.00806637171137402,0.0347067962631173,3
"45",2019-01-07,2018-11-02,"A","WS09",4,0.0205113649727878,0.00185099218134548,0.000925496090672741,0.00294534161431598,4,0.00887766731442585,0.0025762679812544,0.0012881339906272,0.0040994172591819,4,0.0116336976583619,0.004200274967123,0.0021001374835615,0.00668357477514813,4,0.00673762594287246,0.0027429498960008,0.0013714749480004,0.00436464538105304,3
"46",2019-01-07,2018-11-02,"A","WS17",4,0.0329285832004418,0.0124486756209304,0.00622433781046522,0.0198086208677527,4,0.010870199305032,0.000455827084212135,0.000227913542106068,0.000725322609999578,4,0.0220583838954098,0.012005419813282,0.00600270990664101,0.0191033019640796,4,0.0131840517359326,0.00756189445601189,0.00378094722800594,0.0120326615362402,3
"47",2019-01-07,2018-11-02,"A","WS34",4,0.0139831027693281,0.00228126809242564,0.00114063404621282,0.00363000660605079,4,0.00915124086776998,0.000498877964192045,0.000249438982096023,0.000793826166965216,4,0.00483186190155814,0.00259485117309898,0.00129742558654949,0.00412898726429498,4,0.00261483116848245,0.00146176153535571,0.000730880767677854,0.00232598879869931,3
"48",2019-01-07,2018-11-02,"A","WS37",4,0.015758678910216,0.00103704815909999,0.000518524079549996,0.00165017504116452,4,0.00746487006467397,0.000990185629167801,0.000495092814583901,0.00157560629854505,4,0.00829380884554205,0.00134897295105809,0.000674486475529043,0.00214651699201123,4,0.00467195160552246,0.000857094866360927,0.000428547433180464,0.00136382919536398,3
"49",2019-01-07,2018-11-02,"A","WS55",4,0.0107449135658624,0.00126151479169096,0.000630757395845479,0.00200735154393882,4,0.00833164028228884,0.00116778930677162,0.000583894653385809,0.00185821338234258,4,0.00241327328357354,0.00230719225194625,0.00115359612597312,0.00367125772889276,4,0.00129421462285744,0.0012437539067174,0.0006218769533587,0.00197909001255748,3
"50",2019-01-07,2018-11-02,"R","CWCR",1,0.014310081264179,NA,NA,NA,2,0.00728186645916544,0.00422035058661383,0.00298423851877926,0.037918345601188,1,0.0100124533237928,NA,NA,NA,1,0.00598649273920183,NA,NA,NA,3
"51",2019-01-07,2018-11-02,"R","HNCR",4,0.00285341724655784,0.000456688159261336,0.000228344079630668,0.000726692772554028,4,0.00268011253257505,0.000316047105624234,0.000158023552812117,0.000502901471794726,4,0.000173304713982786,0.000266402200382594,0.000133201100191297,0.000423905349163517,4,8.91211240653994e-05,0.000136234125893287,6.81170629466433e-05,0.000216778895301323,3
"52",2019-01-07,2018-11-02,"R","LCCR",4,0.00408488682775284,0.00230752304753173,0.00115376152376586,0.00367178409848718,4,0.00302453743026251,0.000261061366948591,0.000130530683474296,0.000415406891348929,4,0.00106034939749033,0.00212093772196491,0.00106046886098246,0.00337488520850204,4,0.000603993075971253,0.00120239784289174,0.00060119892144587,0.00191328328629596,3
"53",2019-01-07,2018-11-02,"R","TOWR",4,0.00251356847277872,0.000213131144007039,0.000106565572003519,0.000339139210893045,4,0.00281864312460006,0.000289863335798417,0.000144931667899208,0.000461237251024441,4,-0.00030507465182133,0.000226216785095253,0.000113108392547627,0.000359961385959774,4,-0.000148473518162854,0.000107912333299241,5.39561666496206e-05,0.000171712603201357,3
"54",2019-01-07,2018-11-02,"R","USHF",1,0.01145147589263,NA,NA,NA,1,0.00474249250113786,NA,NA,NA,1,0.00670898339149213,NA,NA,NA,1,0.00384108577169543,NA,NA,NA,3
"55",2019-01-07,2018-11-02,"R","WS09",4,0.0113429899777981,0.0109266076289074,0.00546330381445371,0.0173866710389506,3,0.00399630802052377,0.000120182934573506,6.93876496280131e-05,0.00029855096008287,3,0.00972057495822302,0.0121246195106853,0.00700015233831597,0.0301192245671173,3,0.00615068771640449,0.0080958760506355,0.00467415621716025,0.02011127100704,3
"56",2019-01-07,2018-11-02,"R","WS17",4,0.00882192842152726,0.00394433991836972,0.00197216995918486,0.00627632499999938,3,0.00420284106609008,0.000363480738430771,0.00020985570217825,0.000902936209830736,3,0.00481331082579719,0.00462625237845987,0.00267096805604295,0.0114922479974068,3,0.00280720830862154,0.00275551831890034,0.00159089924317406,0.00684508697139921,3
"57",2019-01-07,2018-11-02,"R","WS34",4,0.00266703526402617,0.000236245900696357,0.000118122950348178,0.000375919946904771,4,0.00370278264305184,0.00168656876371507,0.000843284381857534,0.00268370726534596,4,-0.00103574737902567,0.00189047364144409,0.000945236820722043,0.00300816542772498,4,-0.000440458982237707,0.000794704022619084,0.000397352011309542,0.0012645514402891,3
"58",2019-01-07,2018-11-02,"R","WS37",4,0.00419454032202678,0.000894330791190478,0.000447165395595239,0.0014230798610628,4,0.0024789949901875,0.000778085506530839,0.000389042753265419,0.00123810767272693,4,0.00171554533183927,0.000732120833370064,0.000366060416685032,0.00116496762058989,4,0.000945838896456868,0.000414773914028099,0.000207386957014049,0.000659997855113392,3
"59",2019-01-07,2018-11-02,"R","WS55",4,0.00279055272448943,0.00010177492949784,5.08874647489199e-05,0.000161946624175455,4,0.00286549379278643,0.000176568844919736,8.82844224598681e-05,0.000280960434071513,4,-7.49410682970079e-05,0.000227211990694148,0.000113605995347074,0.000361544980150374,4,-3.61500856234856e-05,0.000113297229144551,5.66486145722754e-05,0.000180281174144979,3
"60",2019-02-06,2018-12-05,"A","CWCR",4,0.0296409970563007,0.0132970732801474,0.00664853664007372,0.021158610865746,4,0.0133760148299539,0.00274525901681078,0.00137262950840539,0.00436831970754813,4,0.0162649822263469,0.0129456612923611,0.00647283064618057,0.0205994359746645,4,0.00941278080835756,0.00809700334185468,0.00404850167092734,0.0128841391845776,4
"61",2019-02-06,2018-12-05,"A","HNCR",4,0.0200347440275994,0.00402612731968101,0.0020130636598405,0.00640646700656031,4,0.0110231424956109,0.000191044912104345,9.55224560521724e-05,0.000303995087334861,4,0.0090116015319885,0.0038710580035997,0.00193552900179985,0.00615971712054739,4,0.00498447654484429,0.00226627008378192,0.00113313504189096,0.00360614142745339,4
"62",2019-02-06,2018-12-05,"A","LCCR",4,0.018882028023188,0.00616341738765081,0.0030817086938254,0.00980737244662533,4,0.00963948909502226,0.00105021539894642,0.000525107699473211,0.00167112705806455,4,0.00924253892816572,0.00544997343576746,0.00272498671788373,0.00867212391227625,4,0.00519984002154106,0.00315821882637321,0.00157910941318661,0.00502543091763444,4
"63",2019-02-06,2018-12-05,"A","TOWR",4,0.0113183977779587,0.00177191393508398,0.00088595696754199,0.00281951047799436,4,0.00928597989495998,0.00109060520843733,0.000545302604218667,0.00173539625805728,4,0.00203241788299868,0.00135148467260765,0.000675742336303826,0.00215051370149389,4,0.00105900840219306,0.000708489810159577,0.000354244905079788,0.00112736538933675,4
"64",2019-02-06,2018-12-05,"A","USHF",3,0.0242934584478167,0.00874627050030975,0.00504966162775912,0.0217269403869889,3,0.0146897481000207,0.00170706682223499,0.000985575489342051,0.00424058906959174,3,0.00960371034779602,0.0078090244794252,0.00450854238530452,0.0193986922013216,3,0.00531737356175145,0.00436306489289518,0.00251901669040484,0.0108384540392548,4
"65",2019-02-06,2018-12-05,"A","WS09",2,0.0306901477427497,0.00309195856890637,0.00218634487122155,0.0277801455576265,3,0.0156227063288509,0.00345244099516563,0.00199326773792018,0.00857633887368378,2,0.0138541200947243,0.000781774244391402,0.00055279786956615,0.00702396290842869,2,0.00763234421367201,0.000579146451006332,0.0004095183828067,0.00520342441516909,4
"66",2019-02-06,2018-12-05,"A","WS17",4,0.0274590444214279,0.00567744460646256,0.00283872230323128,0.00903408130564484,4,0.0100053172846142,0.000941425967800744,0.000470712983900372,0.00149801879646281,4,0.0174537271368137,0.00626674762597409,0.00313337381298704,0.00997179391421335,4,0.0102452143734884,0.00410692927207296,0.00205346463603648,0.00653504094398506,4
"67",2019-02-06,2018-12-05,"A","WS34",4,0.0228164500650965,0.00930176036629772,0.00465088018314886,0.0148011764551793,4,0.0127733619654036,0.00112823340505116,0.000564116702525578,0.00179527111570135,4,0.0100430880996929,0.0103638990482849,0.00518194952414243,0.0164912761172738,4,0.00576015165830128,0.00618446070986781,0.0030922303549339,0.00984085706814553,4
"68",2019-02-06,2018-12-05,"A","WS37",4,0.0180025947099971,0.0062954356143103,0.00314771780715515,0.0100174429054566,4,0.0109951295855168,0.00145154975370874,0.00072577487685437,0.00230973957531293,4,0.00700746512448029,0.00541236913158501,0.0027061845657925,0.00861228707282215,4,0.00386222742249845,0.00304184832909529,0.00152092416454765,0.00484025948808136,4
"69",2019-02-06,2018-12-05,"A","WS55",4,0.0126043216355503,0.00355549917043918,0.00177774958521959,0.00565759259920173,4,0.00993362025635369,0.000899784414609245,0.000449892207304622,0.00143175779291253,4,0.00267070137919658,0.00440728293362254,0.00220364146681127,0.0070129706442235,4,0.00149107676025903,0.00229644373504443,0.00114822186752221,0.00365415443994203,4
"70",2019-02-06,2018-12-05,"R","CWCR",4,0.0101713963000966,0.00351736867305328,0.00175868433652664,0.00559691846893953,4,0.00292465925943561,0.000291986577316525,0.000145993288658262,0.000464615802086705,4,0.00724673704066102,0.00336013904185681,0.0016800695209284,0.00534673103949837,4,0.00438616177012701,0.00221311403078106,0.00110655701539053,0.00352155828521536,4
"71",2019-02-06,2018-12-05,"R","HNCR",4,0.0077130740375797,0.00194053499605177,0.000970267498025883,0.00308782421422934,4,0.00439723404662102,0.00253823658877208,0.00126911829438604,0.00403890082693681,4,0.00331583999095868,0.0038341870637444,0.0019170935318722,0.00610104722738998,4,0.0019845550404403,0.00219104888658631,0.00109552444329316,0.0034864477169063,4
"72",2019-02-06,2018-12-05,"R","LCCR",4,0.00432502175385248,0.00103294318262563,0.000516471591312816,0.00164364310755747,4,0.00320870255736948,0.000448350137898955,0.000224175068949477,0.000713425119914985,4,0.00111631919648301,0.000998609970561718,0.000499304985280859,0.00158901130561681,4,0.000597809143028948,0.000556761660608775,0.000278380830304388,0.000885932044864009,4
"73",2019-02-06,2018-12-05,"R","TOWR",4,0.00210940973401428,0.000484692373266407,0.000242346186633204,0.000771253726250435,3,0.00265345935955879,0.000214309853251763,0.000123731851464895,0.000532375188462384,3,-0.000398731315907238,0.000434856125654115,0.000251064301205161,0.00108024250092303,3,-0.000189101759665734,0.000204534195993811,0.00011808787311551,0.000508091109610758,4
"74",2019-02-06,2018-12-05,"R","USHF",4,0.00861090585293909,0.00312690920834465,0.00156345460417233,0.00497561032852702,2,0.00450208437711381,0.000154837413275535,0.000109486584908515,0.00139115896371217,2,0.00462699147721688,0.00253982926235155,0.00179593049446481,0.0228194605546093,2,0.00260251287203715,0.00151335904635949,0.0010701064440508,0.0135969915676094,4
"75",2019-02-06,2018-12-05,"R","WS09",0,NA,NA,NA,NA,0,NA,NA,NA,NA,0,NA,NA,NA,NA,0,NA,NA,NA,NA,4
"76",2019-02-06,2018-12-05,"R","WS17",4,0.00543018884959083,0.00127069430111809,0.000635347150559045,0.00202195819186916,4,0.00329951786431525,0.000498173426576676,0.000249086713288338,0.000792705090399734,4,0.00213067098527559,0.000815821896395501,0.000407910948197751,0.00129815468997671,4,0.00115698751641078,0.000453918937093825,0.000226959468546913,0.000722286322126276,4
"77",2019-02-06,2018-12-05,"R","WS34",4,0.00363520342320154,0.000620642234241194,0.000310321117120597,0.000987580292631957,4,0.00286052667425835,0.000460156754614806,0.000230078377307403,0.000732212081787616,4,0.000774676748943186,0.000655904032124363,0.000327952016062182,0.00104368968182743,4,0.000410595134257007,0.000352372945358551,0.000176186472679276,0.00056070398901913,4
"78",2019-02-06,2018-12-05,"R","WS37",4,0.00312360832415757,0.000834182256331291,0.000417091128165646,0.00132737011979737,4,0.00272549402632605,0.000164912815986577,8.24564079932885e-05,0.000262413090965207,4,0.000398114297831521,0.000867432064122246,0.000433716032061123,0.00138027798377523,4,0.000220089059514951,0.000429455966574299,0.000214727983287149,0.00068336027705321,4
"79",2019-02-06,2018-12-05,"R","WS55",4,0.00270514079925984,0.000459617667242649,0.000229808833621324,0.000731354273479742,4,0.00209329723543128,0.000328644944224107,0.000164322472112053,0.000522947444248089,4,0.000611843563828562,0.000226778803946429,0.000113389401973215,0.000360855683367986,4,0.000319921930859667,0.000120987689485546,6.04938447427728e-05,0.000192518412694044,4
"80",2019-03-06,2019-01-07,"A","CWCR",2,0.0335492312580941,0.0056841999686443,0.00401933634344875,0.0510705104834076,2,0.0120808225411492,0.000760107091158138,0.0005374768785859,0.00682929126027256,2,0.0214684087169449,0.00644430705980244,0.00455681322203465,0.0578998017436801,2,0.0125771290565878,0.00415391413458008,0.00293726085302823,0.0373214377621277,5
"81",2019-03-06,2019-01-07,"A","HNCR",4,0.0236315363429624,0.00332785439952954,0.00166392719976477,0.00529535896915245,4,0.0095508750359241,0.00116908793719241,0.000584543968596207,0.00186027979313487,4,0.0140806613070383,0.00220846039463409,0.00110423019731705,0.00351415331163433,4,0.00809045076953447,0.00129642134576617,0.000648210672883086,0.00206289566096224,5
"82",2019-03-06,2019-01-07,"A","LCCR",4,0.0126406905127256,0.00122080698284084,0.00061040349142042,0.00194257633600319,4,0.0102767865727233,0.00137602166678712,0.000688010833393561,0.0021895575347285,4,0.00236390394000228,0.000823055399259778,0.000411527699629889,0.00130966480720904,4,0.00122755826303415,0.00044461133137323,0.000222305665686615,0.000707475844408003,5
"83",2019-03-06,2019-01-07,"A","TOWR",4,0.0206970589347788,0.0106077301637834,0.00530386508189169,0.0168792658335895,4,0.00996186031906921,0.00124836041446292,0.000624180207231461,0.00198641999433498,4,0.0107351986157095,0.00994760890655775,0.00497380445327888,0.015828865605541,4,0.00617361168539401,0.00612405628925668,0.00306202814462834,0.00974474015554719,5
"84",2019-03-06,2019-01-07,"A","USHF",2,0.0624484774533823,0.0113123429399127,0.00799903440392005,0.101637368827913,3,0.019433660286896,0.00977477521491058,0.00564346910159671,0.0242818877352418,2,0.0402334889170928,0.00071586307839347,0.000506191637133099,0.00643177457715261,2,0.0237451466956144,0.00164742229308635,0.00116490347491925,0.0148015020502053,5
"85",2019-03-06,2019-01-07,"A","WS09",3,0.0236988354411852,0.00398258403596162,0.00229934596523275,0.00989328719394709,3,0.0114477122191143,0.000635400889249605,0.000366848874451587,0.00157842331106464,2,0.0115834990045987,0.00472841828869166,0.00334349663622036,0.0424831527945273,2,0.00650072672660029,0.00282189234258451,0.0019953792112199,0.0253536967840668,5
"86",2019-03-06,2019-01-07,"A","WS17",4,0.0362715639058254,0.00913380803882806,0.00456690401941403,0.0145339268231695,4,0.0119152203787865,0.000801317907499174,0.000400658953749587,0.00127507560703921,4,0.0243563435270388,0.00927809840625762,0.00463904920312881,0.0147635249965266,4,0.014488590480118,0.00598939520759063,0.00299469760379531,0.00953046432464037,5
"87",2019-03-06,2019-01-07,"A","WS34",3,0.0488336583419541,0.00518671202188938,0.0029945495820469,0.0128845069335642,4,0.0146142104751741,0.00155608965235593,0.000778044826177967,0.00247608588241518,3,0.0338387308712007,0.00488127267806839,0.00281820409467075,0.0121257535409262,3,0.0201974190874822,0.00319574128097139,0.00184506208882923,0.00793866143305835,5
"88",2019-03-06,2019-01-07,"A","WS37",4,0.0322465928167832,0.00446029466931671,0.00223014733465836,0.0070973241454218,4,0.0114383584945416,0.000954592642798367,0.000477296321399184,0.00151896991456234,4,0.0208082343222416,0.00351554255084928,0.00175777127542464,0.00559401270100897,4,0.0121735793353416,0.00215170548307178,0.00107585274153589,0.00342384358233024,5
"89",2019-03-06,2019-01-07,"A","WS55",4,0.018720275594427,0.00684580407312267,0.00342290203656133,0.0108932019396027,4,0.00876484572875636,0.00109765975392809,0.000548829876964045,0.00174662161417354,4,0.00995542986567069,0.00733494392261067,0.00366747196130534,0.0116715325929878,4,0.0057432488066925,0.00453315407484732,0.00226657703742366,0.00721325971838982,5
"90",2019-03-06,2019-01-07,"R","CWCR",1,0.0072430326913687,NA,NA,NA,3,0.00659329470125708,0.00115128838529472,0.000664696659164796,0.00285995889501076,1,-0.000523997616047792,NA,NA,NA,1,-0.00025894904522232,NA,NA,NA,5
"91",2019-03-06,2019-01-07,"R","HNCR",3,0.0122148875792181,0.00279161649331862,0.0016117405338917,0.00693475980779699,4,0.00378091581739986,0.000521357831463907,0.000260678915731954,0.000829596652236519,3,0.00847399707464836,0.00255952812760405,0.00147774425347062,0.00635822034606692,3,0.00506976192593918,0.00165211191458568,0.000953847258617433,0.00410407351105434,5
"92",2019-03-06,2019-01-07,"R","LCCR",4,0.0044208758796572,0.000380634379210526,0.000190317189605263,0.000605674236891248,4,0.00418770691610809,0.00122118130425229,0.000610590652126145,0.00194317196489962,4,0.000233168963549113,0.00148852040503886,0.000744260202519428,0.00236856813167766,4,0.00015022194610873,0.000753742496506432,0.000376871248253216,0.00119937251157111,5
"93",2019-03-06,2019-01-07,"R","TOWR",4,0.00278315881742506,0.000584472441391084,0.000292236220695542,0.000930026080822601,3,0.00243935000961016,0.00018380792208969,0.000106121553297668,0.000456604190981465,3,0.000292870093468697,0.000787530722558602,0.000454681074664309,0.00195633476706981,3,0.000162467864127783,0.000401490473920999,0.000231800633195359,0.000997357627175665,5
"94",2019-03-06,2019-01-07,"R","USHF",0,NA,NA,NA,NA,1,0.00421107238460578,NA,NA,NA,0,NA,NA,NA,NA,0,NA,NA,NA,NA,5
"95",2019-03-06,2019-01-07,"R","WS09",1,0.0060756615710637,NA,NA,NA,2,0.00347357108094395,0.000706347813066995,0.00049946332849596,0.00634628331008094,1,0.00310155381861571,NA,NA,NA,1,0.00173385756655469,NA,NA,NA,5
"96",2019-03-06,2019-01-07,"R","WS17",4,0.00811646126610336,0.00238995356844984,0.00119497678422492,0.0038029494518564,4,0.00461223230333812,0.000634845147274397,0.000317422573637199,0.00101018029668535,4,0.00350422896276522,0.0022524241016479,0.00112621205082395,0.00358410938011066,4,0.0019457914675273,0.00132544284178871,0.000662721420894354,0.00210907533735761,5
"97",2019-03-06,2019-01-07,"R","WS34",4,0.0104666622500508,0.00259813241404954,0.00129906620702477,0.0041342084508649,4,0.00367001041284879,0.000447157678796198,0.000223578839398099,0.0007115276513821,4,0.00679665183720206,0.00250071829940787,0.00125035914970394,0.00397920085625297,4,0.00400537855930517,0.00157366927733887,0.000786834638669437,0.00250405898870279,5
"98",2019-03-06,2019-01-07,"R","WS37",4,0.00404005776015964,0.000954871102525052,0.000477435551262526,0.00151941300612652,4,0.00353348539081726,0.000357618095144477,0.000178809047572239,0.00056905019279757,4,0.000506572369342392,0.00112129341735789,0.000560646708678947,0.00178422804660478,4,0.000278977157072738,0.000587367456579019,0.00029368372828951,0.000934632696016894,5
"99",2019-03-06,2019-01-07,"R","WS55",4,0.00318862751158201,0.000681029817543832,0.000340514908771916,0.0010836704133152,4,0.00217721059707209,0.000186941696937603,9.34708484688016e-05,0.000297465956361271,4,0.00101141691450993,0.000827434226721887,0.000413717113360943,0.00131663249884817,4,0.000551316399291089,0.000467736399801921,0.00023386819990096,0.000744272988698163,5
"100",2019-04-03,2019-02-06,"A","CWCR",2,0.0431686689009589,0.0100920294485492,0.0071361424590035,0.0906732871106076,3,0.012250993355771,0.00200469735279578,0.00115741255628037,0.00497994429472606,1,0.0395058857937798,NA,NA,NA,1,0.0246291989689796,NA,NA,NA,6
"101",2019-04-03,2019-02-06,"A","HNCR",4,0.0267750550668423,0.00206881472028642,0.00103440736014321,0.00329194588144603,4,0.00908426827567321,0.000647264357835184,0.000323632178917592,0.00102994203206721,4,0.0176907867911691,0.00254119597388005,0.00127059798694003,0.0040436098690382,4,0.0104272953933857,0.00167638679209751,0.000838193396048756,0.00266750547636857,6
"102",2019-04-03,2019-02-06,"A","LCCR",4,0.0351386801775731,0.00501273727711408,0.00250636863855704,0.00797638361345481,4,0.0117182211025653,0.00132560747413581,0.000662803737067903,0.00210933730415998,4,0.0234204590750078,0.0040663322887857,0.00203316614439285,0.00647044208425094,4,0.0138230584113154,0.00251108977332853,0.00125554488666427,0.00399570418568255,6
"103",2019-04-03,2019-02-06,"A","USHF",4,0.0415380422374236,0.00985499447159147,0.00492749723579573,0.0156814953723538,4,0.0134296609254492,0.00113827957351757,0.000569139786758785,0.00181125681156045,4,0.0281083813119744,0.00967863517046177,0.00483931758523089,0.0154008683692125,4,0.0167306502251355,0.00616869219425722,0.00308434609712861,0.00981576584102318,6
"104",2019-04-03,2019-02-06,"A","WS09",0,NA,NA,NA,NA,1,0.0181302896504574,NA,NA,NA,0,NA,NA,NA,NA,0,NA,NA,NA,NA,6
"105",2019-04-03,2019-02-06,"A","WS17",4,0.0468125216928659,0.0157014433067176,0.0078507216533588,0.0249845001195425,4,0.0108247931764707,0.0016638429343554,0.0008319214671777,0.00264754539950587,4,0.0359877285163952,0.0168354984931968,0.00841774924659841,0.0267890349886418,4,0.0225301414046026,0.0116831999475526,0.0058415999737763,0.0185905782534898,6
"106",2019-04-03,2019-02-06,"A","WS34",4,0.0503294040864653,0.0174754179713885,0.00873770898569423,0.0278072896781669,3,0.0126626556654678,0.00194393088858189,0.00112232902180879,0.00482899202936261,3,0.0363504230452205,0.0231024497582142,0.0133382055868448,0.0573896666781972,3,0.0227009170169184,0.0152947746946143,0.00883044228713026,0.0379943266116161,6
"107",2019-04-03,2019-02-06,"A","WS37",4,0.0261302530557663,0.0116695837252103,0.00583479186260513,0.0185689118052471,2,0.00867271054565117,0.0030332316950974,0.00214481870051333,0.0272525055306986,2,0.0124040934816224,0.014327814083145,0.0101312944977719,0.12873030213117,2,0.00726587324501933,0.00858848394941699,0.00607297524074457,0.0771644667666204,6
"108",2019-04-03,2019-02-06,"A","WS55",4,0.0120550162671248,0.00470304595657537,0.00235152297828769,0.00748359561404139,4,0.00936465490499139,0.000825336589591345,0.000412668294795672,0.00131329469008022,4,0.00269036136213341,0.00457218820332654,0.00228609410166327,0.00727537172736915,4,0.0015280103171158,0.00231232348992072,0.00115616174496036,0.00367942267355946,6
"109",2019-04-03,2019-02-06,"R","CWCR",3,0.00751476337530052,0.00191239613564498,0.00110412242371183,0.00475065536036129,4,0.00383913754555801,0.000157633637954197,7.88168189770986e-05,0.000250830294347882,3,0.00359919803929355,0.00195938507897823,0.00113125150279422,0.00486738236653071,3,0.00201478666704199,0.00117240626561868,0.000676889073054551,0.00291241861791575,6
"110",2019-04-03,2019-02-06,"R","HNCR",4,0.00586462114918943,0.000946022742817457,0.000473011371408728,0.00150533329129689,4,0.00385076456538109,0.00158329914583261,0.000791649572916303,0.00251938225840691,4,0.00201385658380833,0.00214242145615247,0.00107121072807623,0.00340907062374648,4,0.00114502100176871,0.0012109936777688,0.000605496838884398,0.00192696117776862,6
"111",2019-04-03,2019-02-06,"R","LCCR",4,0.00572419344657842,0.00157701407784196,0.000788507038920982,0.00250938131270427,4,0.00301001651735204,0.000428957037935616,0.000214478518967808,0.000682566370251823,4,0.00271417692922638,0.00143937877226834,0.000719689386134172,0.00229037282785459,4,0.00151672145375107,0.00085258171697402,0.00042629085848701,0.00135664776756821,6
"112",2019-04-03,2019-02-06,"R","USHF",2,0.0184613240248387,0.00832680209360283,0.0058879382259849,0.0748133485733134,3,0.00494729300645854,0.000610452559182115,0.00035244494937129,0.00151644822349879,2,0.013835573713845,0.00797329618985715,0.00563797180425685,0.0716372240416678,2,0.00852370851748633,0.00525649776329224,0.00371690521371587,0.0472277586304289,6
"113",2019-04-03,2019-02-06,"R","WS09",4,0.00718146958588583,0.00207828924816111,0.00103914462408055,0.00330702196956059,4,0.0035794877767298,0.000422788221032807,0.000211394110516403,0.000672750405971663,4,0.00360198180915604,0.00187874035460095,0.000939370177300477,0.00298949515004361,4,0.00203209858354854,0.00108364469113587,0.000541822345567933,0.00172432052177282,6
"114",2019-04-03,2019-02-06,"R","WS17",3,0.00856771166181696,0.00174123831445699,0.00100530440957503,0.00432547576208718,4,0.00393244248019068,0.000806900545350406,0.000403450272675203,0.0012839588296409,3,0.00475795867636092,0.000927221840672807,0.000535331779310945,0.00230334674157387,3,0.00269935409798489,0.000531503995260121,0.000306863974738792,0.00132032911857163,6
"115",2019-04-03,2019-02-06,"R","WS34",2,0.019035599185299,0.0115350858755075,0.0081565374441405,0.103638634703524,4,0.00375442033033804,0.000643931860518452,0.000321965930259226,0.00102463928518071,2,0.0156117251298523,0.0108308164879501,0.00765854378441656,0.0973110253057549,2,0.00999876695495082,0.00731973794504935,0.00517583633745288,0.0657652361846088,6
"116",2019-04-03,2019-02-06,"R","WS37",4,0.00546660763120283,0.00243066036526639,0.0012153301826332,0.00386772304942079,4,0.00257118587941644,0.000538078947511222,0.000269039473755611,0.000856203679229017,4,0.0028954217517864,0.00225819611142956,0.00112909805571478,0.00359329393571252,4,0.00167924766124768,0.00128642783217392,0.000643213916086958,0.002046993750758,6
"117",2019-04-03,2019-02-06,"R","WS55",4,0.00410278994745468,0.00130246098759067,0.000651230493795337,0.00207250607886705,4,0.0016204374651936,0.000418493962780871,0.000209246981390436,0.00066591728281776,4,0.00248235248226108,0.000929362283164316,0.000464681141582158,0.00147882278216315,4,0.00143377722998619,0.000551549919633924,0.000275774959816962,0.000877639001959253,6
"118",2019-05-08,2019-03-06,"A","CWCR",2,0.0337683378197677,0.00128865645916264,0.00091121772089375,0.0115781189209065,3,0.0128884230309611,0.00160511650019973,0.000926714443471024,0.00398733042989885,2,0.0200442339630979,0.000307522776281129,0.0002174514404777,0.00276298252288576,2,0.0115071352947946,0.000122989029768697,8.69663769609997e-05,0.00110501259082981,7
"119",2019-05-08,2019-03-06,"A","HNCR",4,0.0281387415105074,0.00378423250429406,0.00189211625214703,0.00602155837581257,4,0.0104355361459225,0.00168115685879963,0.000840578429399816,0.00267509571694463,4,0.0177032053645848,0.00329027224594061,0.00164513612297031,0.00523555737623561,4,0.0103156076709768,0.00209828238664024,0.00104914119332012,0.00333883551440255,7
"120",2019-05-08,2019-03-06,"A","LCCR",4,0.0150481677300544,0.00148064274775764,0.000740321373878818,0.0023560330210232,4,0.00900098682845438,0.000556952728276858,0.000278476364138429,0.000886236076161184,4,0.0060471809016,0.00133809674928747,0.000669048374643733,0.00212921052794102,4,0.00328739166955895,0.000770264817038377,0.000385132408519188,0.00122566321053691,7
"121",2019-05-08,2019-03-06,"A","USHF",3,0.0573546575694828,0.0233233950597473,0.0134657684161611,0.0579385252339697,3,0.0168435039729087,0.00495372604448542,0.00286003506527532,0.012305737680786,2,0.0390453426882508,0.0274299468865002,0.0193959014510311,0.246448294879469,2,0.0232448368425738,0.0170338835090738,0.0120447745392078,0.153043371296238,7
"122",2019-05-08,2019-03-06,"A","WS09",4,0.0303074813411536,0.0021227823614675,0.00106139118073375,0.00337782044158683,4,0.0127548013791858,0.00123344397533928,0.000616721987669638,0.00196268461104646,4,0.0175526799619678,0.00295762284856393,0.00147881142428196,0.00470623795341747,4,0.0100541576583066,0.00191638709735579,0.000958193548677897,0.00304939951873666,7
"123",2019-05-08,2019-03-06,"A","WS17",4,0.0544209462171078,0.0221092103541219,0.0110546051770609,0.0351806874021077,4,0.0129667891635811,0.000466880905626683,0.000233440452813341,0.000742911706559574,4,0.0414541570535267,0.0224074037175052,0.0112037018587526,0.0356551795858874,4,0.0258710524173679,0.0149787058284489,0.00748935291422447,0.0238344635108394,7
"124",2019-05-08,2019-03-06,"A","WS34",4,Inf,NA,NA,NA,4,0.0141817916401752,0.00179558294183295,0.000897791470916473,0.00285717314953336,4,Inf,NA,NA,NA,3,0.0193360403578987,0.000744115219727775,0.000429615122417928,0.00184848467921315,7
"125",2019-05-08,2019-03-06,"A","WS37",4,0.044509474587283,0.00307783733518364,0.00153891866759182,0.00489752602780972,4,0.0103888947201306,0.000323866416513543,0.000161933208256772,0.0005153437403195,4,0.0341205798671523,0.00326309924815907,0.00163154962407954,0.00519231907303894,4,0.0210697985858656,0.00223064402464081,0.0011153220123204,0.00354945241731066,7
"126",2019-05-08,2019-03-06,"A","WS55",4,0.0218097655723296,0.00315824238079356,0.00157912119039678,0.00502546839797344,4,0.010504318507985,0.000605383524788808,0.000302691762394404,0.000963300280871885,4,0.0113054470643446,0.00273420928439019,0.0013671046421951,0.00435073711748999,4,0.00634641075286098,0.00163061630287363,0.000815308151436815,0.00259467441420778,7
"127",2019-05-08,2019-03-06,"R","CWCR",3,0.00883836018414391,0.00806065241631146,0.00465381984240143,0.0200237706486707,3,0.00638902376120451,0.00134066553391882,0.000774033606901282,0.00333039781165162,3,0.00244933642293941,0.0071395395183986,0.0041220150628374,0.0177355993621858,3,0.00152610911139011,0.00394236684539961,0.00227612655943572,0.00979338215421136,7
"128",2019-05-08,2019-03-06,"R","HNCR",4,0.00451458415988307,0.000951437897064662,0.000475718948532331,0.00151395001011017,4,0.00375687531613722,0.000774880511656183,0.000387440255828092,0.00123300781067828,4,0.000757708843745845,0.000890686665343352,0.000445343332671676,0.00141728124364371,4,0.000402020967356785,0.000474556064750863,0.000237278032375431,0.000755124597458179,7
"129",2019-05-08,2019-03-06,"R","LCCR",1,0.00611272107864879,NA,NA,NA,4,0.00329876643712677,0.000462666311258565,0.000231333155629283,0.000736205346422031,1,0.00303382185603223,NA,NA,NA,1,0.00168894976542126,NA,NA,NA,7
"130",2019-05-08,2019-03-06,"R","USHF",0,NA,NA,NA,NA,1,0.00856519951568487,NA,NA,NA,0,NA,NA,NA,NA,0,NA,NA,NA,NA,7
"131",2019-05-08,2019-03-06,"R","WS09",4,0.0127023470385637,0.00472821585439904,0.00236410792719952,0.00752364653820803,3,0.00751498393064745,0.00268986094778448,0.00155299194228603,0.00668198501975591,3,0.00564601399466348,0.00760050308240597,0.00438815250060367,0.0188806963352793,3,0.00335130158376021,0.00438354741123371,0.00253084227788127,0.0108893354354912,7
"132",2019-05-08,2019-03-06,"R","WS17",4,0.0112665824026006,0.00297890423523921,0.00148945211761961,0.00474010138861551,4,0.00405554296438855,0.000764522163057927,0.000382261081528964,0.0012165253665656,4,0.00721103943821209,0.00272861578918374,0.00136430789459187,0.0043418366184133,4,0.00423416736725084,0.00173191097089007,0.000865955485445036,0.00275585683519472,7
"133",2019-05-08,2019-03-06,"R","WS34",4,0.00524569918900016,0.00136961008652647,0.000684805043263236,0.00217935527977274,4,0.00493284345125435,0.00103792456486813,0.000518962282434067,0.0016515695983139,4,0.000312855737745808,0.00221634977571736,0.00110817488785868,0.00352670707747404,4,0.00021972926860827,0.00108698172451258,0.000543490862256291,0.00172963048654299,7
"134",2019-05-08,2019-03-06,"R","WS37",4,0.0132852788816325,0.00833072642191561,0.0041653632109578,0.0132560447608773,4,0.00414558426270232,0.000799692745736192,0.000399846372868096,0.00127248961201516,4,0.00913969461893013,0.00840087679014172,0.00420043839507086,0.0133676696509651,4,0.005652039399861,0.00554382055432597,0.00277191027716298,0.00882145562013527,7
"135",2019-05-08,2019-03-06,"R","WS55",4,0.00406488369001167,0.000663864638001817,0.000331932319000908,0.00105635678220869,4,0.00218555742800699,0.000149874632625562,7.49373163127809e-05,0.000238483985427486,4,0.00187932626200468,0.000800072716824241,0.00040003635841212,0.0012730942308078,4,0.00104619052051489,0.000468415505190985,0.000234207752595492,0.000745353596916326,7
"136",2019-06-05,2019-04-03,"A","CWCR",0,NA,NA,NA,NA,0,NA,NA,NA,NA,0,NA,NA,NA,NA,0,NA,NA,NA,NA,8
"137",2019-06-05,2019-04-03,"A","HNCR",3,0.0331097941361491,0.0111335978356727,0.00642798570747469,0.0276573902510565,4,0.0128948809675389,0.002332085794512,0.001166042897256,0.00371086891017466,3,0.0210466071985696,0.00923533176367237,0.00533202127981174,0.0229418359146642,3,0.0123087180161102,0.0056445577270827,0.00325888692318758,0.0140218587159979,8
"138",2019-06-05,2019-04-03,"A","LCCR",4,0.0230692287165307,0.00456726801776821,0.00228363400888411,0.00726754261419344,4,0.0129109336153982,0.00186333964294435,0.000931669821472175,0.00296498918108845,4,0.0101582951011325,0.00291668470504134,0.00145834235252067,0.00464109623161816,4,0.00557558094248102,0.00166106528850503,0.000830532644252516,0.00264312554511893,8
"139",2019-06-05,2019-04-03,"A","USHF",0,NA,NA,NA,NA,0,NA,NA,NA,NA,0,NA,NA,NA,NA,0,NA,NA,NA,NA,8
"140",2019-06-05,2019-04-03,"A","WS09",3,0.0541396847574291,0.0118935873213566,0.00686676584161557,0.0295453087929776,3,0.0193640645897158,0.00209030499203243,0.00120683814983834,0.00519260545976773,3,0.0347756201677133,0.0118494365263128,0.00684127536821206,0.0294356321380054,3,0.0204144595835656,0.00752106827898783,0.00434229079546718,0.0186833693444828,8
"141",2019-06-05,2019-04-03,"A","WS17",4,0.0435434459314276,0.0223539101565728,0.0111769550782864,0.0355700593932145,4,0.0143317196550583,0.00154058173482842,0.00077029086741421,0.00245140932499614,4,0.0292117262763693,0.0224967733063566,0.0112483866531783,0.0357973865448098,4,0.0176507929641292,0.014847109862396,0.00742355493119798,0.0236250649628617,8
"142",2019-06-05,2019-04-03,"A","WS34",4,0.0387509821202417,0.0103452020807097,0.00517260104035487,0.016461525069584,4,0.0168632564778009,0.0039921249716182,0.0019960624858091,0.00635236168307858,4,0.0218877256424408,0.00933846301816585,0.00466923150908292,0.0148595785645952,4,0.0125516469086876,0.00578729102153087,0.00289364551076544,0.00920887146453625,8
"143",2019-06-05,2019-04-03,"A","WS37",3,0.0329371750479242,0.00582009018904064,0.00336023063735052,0.014457905524384,4,0.0143041577458208,0.00120051682808075,0.000600258414040377,0.00191029017197826,3,0.0181635447537421,0.00576589704102683,0.00332894220875651,0.0143232822816844,3,0.0103213871317653,0.00352393846025507,0.00203454681863594,0.00875394842300701,8
"144",2019-06-05,2019-04-03,"A","WS55",4,0.0266393213076956,0.0057022767397557,0.00285113836987785,0.00907359477107038,4,0.0135315779566621,0.00135835122392453,0.000679175611962264,0.00216143991692811,4,0.0131077433510335,0.0066526860392927,0.00332634301964635,0.0105859080529798,4,0.00738755530109844,0.00405174504494996,0.00202587252247498,0.00644723052412628,8
"145",2019-06-05,2019-04-03,"R","CWCR",4,0.0146798878821902,0.00390927441159926,0.00195463720579963,0.00622052795376711,2,0.00692845316097583,0.000555168468141426,0.00039256338852375,0.00498799078650926,2,0.00983518240307995,0.00379412142568275,0.00268284898874544,0.0340888285272389,2,0.00566686102311647,0.00238659340503623,0.00168757638063621,0.0214426910002963,8
"146",2019-06-05,2019-04-03,"R","HNCR",4,0.0132008245561082,0.00322468237132487,0.00161234118566244,0.00513118924916818,3,0.0061147255411937,0.000552407979869991,0.000318932895880436,0.00137225749506686,3,0.0079094949692962,0.0032249071207185,0.00186190099425837,0.00801111339546901,3,0.00452151356920981,0.00196606042283509,0.00113510551436691,0.00488396483994444,8
"147",2019-06-05,2019-04-03,"R","LCCR",4,0.00614688242710486,0.000877550601647285,0.000438775300823642,0.00139637883495595,4,0.00366067801773625,0.000624536595414219,0.00031226829770711,0.000993777090295224,4,0.00248620440936861,0.000270394614197205,0.000135197307098602,0.000430258170460254,4,0.0013503657694217,0.000143045519419665,7.15227597098325e-05,0.000227617342382251,8
"148",2019-06-05,2019-04-03,"R","USHF",3,0.0147047482374986,0.00376523406063621,0.00217385889847026,0.00935335992359324,3,0.00764679558790319,0.00045254844770748,0.000261278968105261,0.00112419266534422,3,0.00705795264959539,0.00332378589298494,0.00191898868004354,0.00825674188254763,3,0.00393276492481936,0.00197132412195979,0.00113814451247349,0.00489704059344343,8
"149",2019-06-05,2019-04-03,"R","WS09",4,0.010252684740921,0.00123469732375539,0.000617348661877696,0.00196467896806452,4,0.00549571117229436,0.000685816662481029,0.000342908331240515,0.00109128735180738,4,0.00475697356862662,0.000826890257964098,0.000413445128982049,0.00131576692316647,4,0.00262743299620297,0.000480972710932374,0.000240486355466187,0.000765334913424511,8
"150",2019-06-05,2019-04-03,"R","WS17",4,0.00807553155340645,0.00166405095550904,0.00083202547775452,0.00264787640758178,4,0.00428509721097318,0.00114787429193172,0.000573937145965858,0.00182652414964412,4,0.00379043434243327,0.00239730364114568,0.00119865182057284,0.00381464505770362,4,0.00215737431486705,0.00142587648484139,0.000712938242420697,0.00226888767548721,8
"151",2019-06-05,2019-04-03,"R","WS34",4,0.0101533307180765,0.00315861243383707,0.00157930621691854,0.00502605723494398,4,0.00469149131342827,0.000812314087989752,0.000406157043994876,0.00129257298402645,4,0.00546183940464824,0.00337878818284883,0.00168939409142442,0.00537640598442176,4,0.00314330319585433,0.00202137561183435,0.00101068780591717,0.00321645967373641,8
"152",2019-06-05,2019-04-03,"R","WS37",4,0.0160847620776992,0.01297213197786,0.00648606598893001,0.0206415567422966,4,0.00465684276912343,0.000697645689726151,0.000348822844863075,0.00111010997383305,4,0.0114279193085757,0.0123067450551306,0.00615337252756532,0.0195827776653845,4,0.00709382377455066,0.0080665425949423,0.00403327129747115,0.0128356693388439,8
"153",2019-06-05,2019-04-03,"R","WS55",4,0.00389055673739008,0.000700499002336699,0.00035024950116835,0.00111465023092068,4,0.00283864375356832,0.000397089886119212,0.000198544943059606,0.000631858620472807,4,0.00105191298382176,0.000381023608098465,0.000190511804049232,0.000606293586909413,4,0.00055489441022019,0.000206889948256271,0.000103444974128135,0.000329208075714253,8
"154",2019-07-10,2019-05-08,"A","CWCR",4,0.0648339973185065,0.0188894917094295,0.00944474585471477,0.0300573965496806,4,0.0212536079508147,0.00229468585506577,0.00114734292753289,0.00365135726062043,4,0.0435803893676919,0.019571094776135,0.0097855473880675,0.031141979130334,4,0.0260696838438335,0.0123938982448702,0.00619694912243509,0.0197214578387247,9
"155",2019-07-10,2019-05-08,"A","HNCR",4,0.0373861091955857,0.0186547589277853,0.00932737946389267,0.0296838843128444,3,0.0149976837406304,0.00290661810758705,0.00167813674684682,0.00722043965471337,3,0.0199575216656834,0.0191526902957715,0.0110578108979692,0.0475779202452006,3,0.0116432746405189,0.0115315311836056,0.00665773263302326,0.0286459114874196,9
"156",2019-07-10,2019-05-08,"A","LCCR",4,0.0287795024884408,0.00495000028594076,0.00247500014297038,0.00787655506057274,4,0.012351503704198,0.00112448226369156,0.000562241131845782,0.00178930221272114,4,0.0164279987842428,0.0048500645301482,0.0024250322650741,0.00771753497217885,4,0.00939474979311436,0.00299031070710724,0.00149515535355362,0.00475825163074187,9
"157",2019-07-10,2019-05-08,"A","TOWR",4,0.0399210807185719,0.0123620260672611,0.00618101303363057,0.019670742091788,4,0.0138431981207625,0.00130537999889202,0.000652689999446011,0.00207715087723258,4,0.0260778825978093,0.0116242819595032,0.00581214097975158,0.0184968265867985,4,0.0154067347805711,0.00735247721943511,0.00367623860971755,0.0116994319808369,9
"158",2019-07-10,2019-05-08,"A","USHF",4,0.053122829196954,0.010781870328781,0.00539093516439051,0.0171563616959386,4,0.0173217371350047,0.00201572686562088,0.00100786343281044,0.00320747125797814,4,0.0358010920619494,0.00994270808728088,0.00497135404364044,0.0158210673084407,4,0.0212374367074408,0.00637805415667809,0.00318902707833905,0.0101489074429098,9
"159",2019-07-10,2019-05-08,"A","WS09",4,0.047722337135717,0.00325153548646031,0.00162576774323015,0.00517391854769224,4,0.018601217929306,0.00243824274378544,0.00121912137189272,0.00387978830567239,4,0.029121119206411,0.000825124039121118,0.000412562019560559,0.00131295647485089,4,0.0168214713203663,0.00033616814078019,0.000168084070390095,0.000534918528790004,9
"160",2019-07-10,2019-05-08,"A","WS17",4,0.0494447140087186,0.00933804275112883,0.00466902137556442,0.0148589098259556,4,0.0170488517823386,0.000890296161853493,0.000445148080926746,0.00141665986544946,4,0.0323958622263799,0.00857123558612074,0.00428561779306037,0.0136387485113831,4,0.0190599759740731,0.00539741370341308,0.00269870685170654,0.00858848964925731,9
"161",2019-07-10,2019-05-08,"A","WS34",4,0.061270549610758,0.00791613435035498,0.00395806717517749,0.0125963362577083,4,0.0200606778863273,0.00488864590547171,0.00244432295273586,0.00777892654985439,4,0.0412098717244307,0.010333080388383,0.0051665401941915,0.0164422367521045,4,0.0245933167062925,0.00705247062105016,0.00352623531052508,0.0112220545355415,9
"162",2019-07-10,2019-05-08,"A","WS37",4,0.0300590740333612,0.00593006986189247,0.00296503493094623,0.00943606446102697,4,0.01519618843122,0.000784813332543115,0.000392406666271558,0.00124881314524462,4,0.0148628856021412,0.00582689287174512,0.00291344643587256,0.00927188684548461,4,0.00832100731153858,0.00348573120230745,0.00174286560115373,0.00554657619299775,9
"163",2019-07-10,2019-05-08,"A","WS55",4,0.0271266739269056,0.00648470612671325,0.00324235306335662,0.0103186145269046,4,0.0133380429648672,0.000636252911909499,0.000318126455954749,0.00101242036436619,4,0.0137886309620384,0.00632057990895428,0.00316028995447714,0.010057453089251,4,0.0077688612298546,0.00374547485100153,0.00187273742550077,0.00595988630055143,9
"164",2019-07-10,2019-05-08,"R","CWCR",4,0.0142841584533488,0.00291209890742576,0.00145604945371288,0.00463379920427891,3,0.00618315600646735,0.000687815937070581,0.000397110716420615,0.00170862950801992,3,0.00949267507128796,0.00152498436729413,0.000880450134967239,0.00378827117662507,3,0.00548595719295171,0.000991827066234573,0.000572631623680087,0.002463835018768,9
"165",2019-07-10,2019-05-08,"R","HNCR",4,0.0161596650967124,0.0103010981663234,0.00515054908316172,0.0163913458998904,4,0.00508492463935846,0.000627095320010683,0.000313547660005342,0.000997848592114351,4,0.0110747404573539,0.00987792561407323,0.00493896280703662,0.0157179839371873,4,0.00673787439859645,0.00644630706539384,0.00322315353269692,0.0102575130514934,9
"166",2019-07-10,2019-05-08,"R","LCCR",4,0.00912764381336453,0.00301792734595151,0.00150896367297576,0.00480219586586903,4,0.0039936330799801,0.000916986667361643,0.000458493333680822,0.00145913041576974,4,0.00513401073338445,0.00343402128519348,0.00171701064259674,0.00546429417566479,4,0.00299262638607224,0.00219956974815946,0.00109978487407973,0.00350000630912195,9
"167",2019-07-10,2019-05-08,"R","TOWR",4,0.00865703233108854,0.00198923380334756,0.000994616901673782,0.00316531488390446,4,0.00411570705788109,0.000731184665568589,0.000365592332784295,0.00116347796870943,4,0.00454132527320745,0.00162062812733058,0.000810314063665291,0.00257878099803103,4,0.00256147525141644,0.000968593680123706,0.000484296840061853,0.00154124868931542,9
"168",2019-07-10,2019-05-08,"R","USHF",3,0.0191480882669138,0.0036057633639109,0.00208178844878805,0.00895721275193879,3,0.00703589901070848,0.00150434160473724,0.000868532030448197,0.00373699171168278,3,0.0121121892562053,0.00211653575902014,0.00122198249021975,0.00525776629725004,3,0.00705093436255209,0.0012104519449039,0.00069885475623137,0.0030069293245973,9
"169",2019-07-10,2019-05-08,"R","WS09",2,0.0135249450309729,0.000516451504773446,0.0003651863611793,0.00464013267200282,3,0.00722972972431957,0.0010664963421473,0.000615741950228497,0.0026493237829719,2,0.00682357709486285,0.000258036597257408,0.000182459427715015,0.00231836684459225,2,0.00381026430880473,0.000187123654129924,0.000132316404755675,0.00168123932878017,9
"170",2019-07-10,2019-05-08,"R","WS17",4,0.00936028218270654,0.000751260773704396,0.000375630386852198,0.00119542353679007,4,0.00584005432221893,0.000742437654852228,0.000371218827426114,0.00118138398579399,4,0.00352022786048762,0.00107627466447369,0.000538137332236847,0.00171259316471239,4,0.00190957559041235,0.000630930724365444,0.000315465362182722,0.00100395157632339,9
"171",2019-07-10,2019-05-08,"R","WS34",4,0.0159180783914421,0.00761402105370788,0.00380701052685394,0.0121156065853625,4,0.00444386056558034,0.000742102529730864,0.000371051264865432,0.00118085072694184,4,0.0114742178258618,0.00751022378072605,0.00375511189036302,0.0119504419614127,4,0.00703297159583413,0.00505756390902127,0.00252878195451063,0.00804771278800048,9
"172",2019-07-10,2019-05-08,"R","WS37",4,0.00930355553976456,0.00113972396064154,0.00056986198032077,0.00181355515379349,4,0.00564448365333972,0.00142446037182605,0.000712230185913025,0.00226663432367043,4,0.00365907188642484,0.00117583668812318,0.00058791834406159,0.00187101856186732,4,0.00199995287142741,0.000704674243191762,0.000352337121595881,0.00112129397083711,9
"173",2019-07-10,2019-05-08,"R","WS55",4,0.00482823049165985,0.00186328247006767,0.000931641235033835,0.00296489820628338,4,0.00372883868249278,0.000771202892751754,0.000385601446375877,0.00122715589833096,4,0.00109939180916707,0.00180438184785575,0.000902190923927875,0.00287117417251476,4,0.000617618304933449,0.000953892950324881,0.000476946475162441,0.0015178565476988,9
"174",2019-08-07,2019-06-05,"A","CWCR",4,0.0817797113731197,0.00825973368514313,0.00412986684257156,0.0131430794744556,4,0.018283115419708,0.00344142231771595,0.00172071115885798,0.00547607086996802,4,0.0634965959534116,0.00490191067580797,0.00245095533790399,0.00780003375952793,4,0.0394150716670469,0.00265544830329626,0.00132772415164813,0.00422541082084854,10
"175",2019-08-07,2019-06-05,"A","HNCR",4,0.0348268414374153,0.00808240669595091,0.00404120334797546,0.0128609126636646,4,0.0151339417048488,0.00231226000383609,0.00115613000191804,0.00367932165303173,4,0.0196928997325665,0.0102475504770452,0.00512377523852262,0.0163061395769405,4,0.0114160233806597,0.00633274398488611,0.00316637199244306,0.0100768088485042,10
"176",2019-08-07,2019-06-05,"A","LCCR",3,0.0394316537664665,0.0131404745066629,0.00758665649370126,0.0326427482722952,4,0.0146059844895032,0.00220716138008619,0.00110358069004309,0.00351208628961009,3,0.0258878551184775,0.0138011245136563,0.00796808295307902,0.0342838938689356,3,0.015399828002859,0.00888926241842535,0.0051322180501751,0.0220821520032554,10
"177",2019-08-07,2019-06-05,"A","TOWR",4,0.0366411833890729,0.0113860947784702,0.0056930473892351,0.0181178176296763,4,0.0140434956071224,0.00242166495758925,0.00121083247879463,0.00385340934845747,4,0.0225976877819505,0.0116176045830399,0.00580880229151997,0.0184862013907713,4,0.0132734333752973,0.00730199807130089,0.00365099903565045,0.0116191083916001,10
"178",2019-08-07,2019-06-05,"A","USHF",4,0.0450204569333297,0.00605581637369826,0.00302790818684913,0.0096361552219763,4,0.0155272683244448,0.00136162807874835,0.000680814039374174,0.00216665412419162,4,0.0294931886088849,0.0048872019200526,0.0024436009600263,0.00777662884682342,4,0.0173234436418856,0.00300728420427981,0.0015036421021399,0.00478526025242416,10
"179",2019-08-07,2019-06-05,"A","WS09",1,0.102236338250238,NA,NA,NA,4,0.0225180632661899,0.00203100048251693,0.00101550024125846,0.00323177499080771,1,0.0789650885650193,NA,NA,NA,1,0.0488840178525749,NA,NA,NA,10
"180",2019-08-07,2019-06-05,"A","WS17",4,0.0423427553348579,0.0112441763937625,0.00562208819688124,0.0178919938101439,4,0.0163852499640035,0.000796902849424535,0.000398451424712268,0.00126805026441059,4,0.0259575053708544,0.0118303559734708,0.00591517798673541,0.0188247363289816,4,0.0151626199677817,0.00737507770244319,0.00368753885122159,0.0117353943926603,10
"181",2019-08-07,2019-06-05,"A","WS34",4,0.0709555099340137,0.0134040304564309,0.00670201522821543,0.0213288036009893,4,0.0171156157785652,0.00214068026758178,0.00107034013379089,0.00340630000417968,4,0.0538398941554485,0.0142976060770566,0.0071488030385283,0.0227506818171653,4,0.0332575470148949,0.00979060898024537,0.00489530449012268,0.0155790436878297,10
"182",2019-08-07,2019-06-05,"A","WS37",4,0.0337894626147311,0.0123397155511457,0.00616985777557283,0.0196352410819977,4,0.0161776808172612,0.00189218743888756,0.00094609371944378,0.00301089246189598,4,0.0176117817974699,0.0107171459143171,0.00535857295715855,0.0170533707091024,4,0.0099702508271546,0.00648281810343883,0.00324140905171942,0.0103156102605576,10
"183",2019-08-07,2019-06-05,"A","WS55",4,0.0376494705639892,0.00939703030565976,0.00469851515282988,0.014952772188443,4,0.0151024144524217,0.000680560936166243,0.000340280468083121,0.00108292431841134,4,0.0225470561115675,0.00956385918282823,0.00478192959141411,0.0152182341603227,4,0.0130624859495347,0.00608237641384593,0.00304118820692296,0.00967841817279437,10
"184",2019-08-07,2019-06-05,"R","CWCR",2,0.0132635821950723,0.000731306564632387,0.000517111830977799,0.00657052879590208,4,0.00471955532942139,0.000779105640237372,0.000389552820118686,0.00123973093309956,2,0.00869759619956769,0.00033921903581945,0.000239864080535495,0.0030477621161383,2,0.00511830911099921,0.00032370982388398,0.000228897411605065,0.00290841737543441,10
"185",2019-08-07,2019-06-05,"R","HNCR",3,0.0249993256323959,0.0133433242609909,0.00770377185396759,0.0331466549968407,4,0.00799748042991411,0.00204917021796107,0.00102458510898053,0.0032606870945238,3,0.0178974593538562,0.0121407234638488,0.00700944996000991,0.0301592290044789,3,0.0108703497087098,0.00786244286220761,0.00453938350298362,0.0195313908204921,10
"186",2019-08-07,2019-06-05,"R","LCCR",4,0.0118098221814463,0.00336494453272173,0.00168247226636086,0.00535437764782244,4,0.00402561414705989,0.000893988605229065,0.000446994302614532,0.00142253536683849,4,0.00778420803438646,0.00400361045723689,0.00200180522861844,0.00637063765371437,4,0.00466907232275694,0.00257156225773038,0.00128578112886519,0.00409192940296053,10
"187",2019-08-07,2019-06-05,"R","TOWR",4,0.00709181858398562,0.000534486167124327,0.000267243083562164,0.000850486763895033,4,0.00426641519634329,0.000491751689915774,0.000245875844957887,0.000782486674344737,4,0.00282540338764232,0.000773882339588011,0.000386941169794006,0.00123141949617309,4,0.00153895613019003,0.000448968928822643,0.000224484464411322,0.000714409754359403,10
"188",2019-08-07,2019-06-05,"R","USHF",4,0.0168634483700373,0.00174903287264555,0.000874516436322776,0.00278310160168529,4,0.00528530342316015,0.00100588526012724,0.000502942630063621,0.00160058791481564,4,0.0115781449468771,0.0025836124382239,0.00129180621911195,0.00411110392915535,4,0.0069302826664606,0.00178188964161656,0.00089094482080828,0.00283538405319297,10
"189",2019-08-07,2019-06-05,"R","WS09",4,0.0164026179586199,0.00477063948338425,0.00238531974169212,0.00759115199886839,4,0.00573090642392048,0.000448095564186343,0.000224047782093172,0.000713020036329423,4,0.0106717115346995,0.00444178333024627,0.00222089166512313,0.0070678684741065,4,0.00629130590655167,0.00277838934201128,0.00138919467100564,0.00442103744806172,10
"190",2019-08-07,2019-06-05,"R","WS17",4,0.0106216238771138,0.00298716173626939,0.0014935808681347,0.0047532409154377,3,0.00505162562592085,0.00133188446788758,0.000768963856064378,0.00330858443437407,3,0.00421438743181779,0.00286189878003753,0.00165231803104813,0.0071093506867035,3,0.00239037710478325,0.00171052876586781,0.000987574243430379,0.00424918901432598,10
"191",2019-08-07,2019-06-05,"R","WS34",4,0.0164435628703938,0.00197886826567676,0.00098943413283838,0.00314882100037309,4,0.00469361007312925,0.00112557412962151,0.000562787064810756,0.00179103961506845,4,0.0117499527972646,0.00216211820576466,0.00108105910288233,0.00344041254776119,4,0.00710774130130996,0.00151972488682253,0.000759862443411266,0.00241822142555803,10
"192",2019-08-07,2019-06-05,"R","WS37",3,0.008611950285524,0.00187240770689564,0.00108103509360893,0.00465131859647143,4,0.00499676986479228,0.000545705998013852,0.000272852999006926,0.000868340018575171,3,0.00361364488507121,0.00193701844509323,0.00111833812069985,0.00481182056781208,3,0.00199100799416379,0.00114400410634657,0.000660491078753231,0.00284186374297276,10
"193",2019-08-07,2019-06-05,"R","WS55",4,0.00740074322786026,0.00149303714540534,0.000746518572702672,0.00237575527352329,4,0.00402536829464527,0.000346145577327514,0.000173072788663757,0.000550794856828121,4,0.00337537493321498,0.00166154129914063,0.000830770649570317,0.0026438829842632,4,0.00187890678364289,0.000979563007238315,0.000489781503619157,0.00155870333658909,10
"194",2019-08-30,2019-07-10,"A","CWCR",4,0.0508575392117386,0.020354211489699,0.0101771057448495,0.0323880925761779,4,0.0166540364802313,0.00146823077709031,0.000734115388545155,0.00233628280592744,4,0.0342035027315073,0.0202508982781975,0.0101254491390987,0.0322236982020629,4,0.0204992304876328,0.01325529046432,0.00662764523216002,0.0210921250818189,11
"195",2019-08-30,2019-07-10,"A","HNCR",4,0.0450596238199283,0.0225219540637757,0.0112609770318879,0.0358374547490162,3,0.0157499619214178,0.00269327713215423,0.00155496427725151,0.0066904712921791,3,0.026714653885166,0.0247892039660677,0.0143120535828057,0.0615797964163797,3,0.0159593926755528,0.0154058997343101,0.00889460035871235,0.0382703765134442,11
"196",2019-08-30,2019-07-10,"A","LCCR",4,0.0398819415413112,0.00751123592222724,0.00375561796111362,0.0119520525044032,4,0.0121205244796583,0.0016359269712375,0.000817963485618751,0.00260312487266438,4,0.0277614170616529,0.00698402346335882,0.00349201173167941,0.0111131398334905,4,0.0166191518256245,0.00449755264531929,0.00224877632265964,0.00715660989945766,11
"197",2019-08-30,2019-07-10,"A","TOWR",4,0.0280577653815769,0.00545762949420524,0.00272881474710262,0.00868430640972043,4,0.016312125680434,0.00155352453090413,0.000776762265452066,0.00247200420177173,4,0.0117456397011429,0.0061417970322089,0.00307089851610445,0.00977296963647782,4,0.0064798800963148,0.00356253140362915,0.00178126570181457,0.00566878245146839,11
"198",2019-08-30,2019-07-10,"A","USHF",3,0.0231025945157234,0.00819431304800211,0.00473098884408808,0.0203558020644298,4,0.0145666240599853,0.00289689617215487,0.00144844808607744,0.0046096082599324,3,0.00891628359846869,0.00567771053348566,0.00327802770488872,0.0141042148526338,3,0.00486848337204987,0.00315933084795587,0.00182404051552641,0.00784821290330334,11
"199",2019-08-30,2019-07-10,"A","WS09",4,0.0822422017910795,0.0126198703283091,0.00630993516415457,0.0200810298497435,2,0.0181639389336121,0.00197252024382754,0.0013947824404382,0.0177223912506291,2,0.0597708830905606,0.0143214870318272,0.0101268205968802,0.128673455830471,2,0.0370137831493028,0.0100383459243365,0.0070981824749947,0.0901909597820098,11
"200",2019-08-30,2019-07-10,"A","WS17",4,0.0358845384461631,0.00458530813242354,0.00229265406621177,0.00729624846230932,4,0.0181645511891748,0.00224114439806622,0.00112057219903311,0.00356616085461656,4,0.0177199872569883,0.00452766682572578,0.00226383341286289,0.0072045282805433,4,0.00989340844620104,0.00272647142742956,0.00136323571371478,0.0043384244603424,11
"201",2019-08-30,2019-07-10,"A","WS34",4,0.0669557900184196,0.0163887311362424,0.00819436556812122,0.0260781284264114,4,0.0167211826479263,0.00247100279838541,0.00123550139919271,0.00393191686303368,4,0.0502346073704933,0.0156894892280329,0.00784474461401644,0.0249654785127709,4,0.0308706884657939,0.0103318545487146,0.00516592727435729,0.0164402861676427,11
"202",2019-08-30,2019-07-10,"A","WS37",4,0.0280255682104567,0.00869228557997472,0.00434614278998736,0.0138313660642307,4,0.0190095674181997,0.00282019587386327,0.00141009793693163,0.00448756096947626,4,0.00901600079225704,0.008597274718394,0.004298637359197,0.013680182581531,4,0.0049434612795238,0.00479129708732912,0.00239564854366456,0.00762402285654357,11
"203",2019-08-30,2019-07-10,"A","WS55",4,0.0403356219947806,0.0137997392738232,0.00689986963691161,0.0219584646329286,4,0.0151072364711786,0.000723776592210149,0.000361888296105075,0.00115169007086501,4,0.025228385523602,0.0142669629053293,0.00713348145266466,0.0227019216928425,4,0.0148464471138723,0.0092330201502853,0.00461651007514265,0.0146917954319427,11
"204",2019-08-30,2019-07-10,"R","CWCR",4,0.00629864594161501,0.000439309330955172,0.000219654665477586,0.000699039178587473,4,0.00480270313977637,0.000336319509789459,0.000168159754894729,0.000535159390662146,4,0.00149594280183865,0.000584624745387527,0.000292312372693763,0.000930268430467981,4,0.00078561443200964,0.000319869356567118,0.000159934678283559,0.000508983525990251,11
"205",2019-08-30,2019-07-10,"R","HNCR",4,0.0105302180240747,0.0045034110990864,0.0022517055495432,0.00716593200673058,4,0.00557165724633397,0.00157526917209269,0.000787634586046343,0.00250660477827685,4,0.00495856077774077,0.00484751681414652,0.00242375840707326,0.00771348098749063,4,0.00287156957566843,0.00278148546360102,0.00139074273180051,0.00442596406841871,11
"206",2019-08-30,2019-07-10,"R","LCCR",4,0.0101440289990165,0.00229646310975111,0.00114823155487555,0.00365418526942387,3,0.00507874351934959,0.000271957829514127,0.000157014926078207,0.000675580700301809,3,0.00579627784464809,0.00225985253926451,0.00130472647187322,0.0056137849157817,3,0.00328366923668768,0.00136789582813054,0.000789755024594536,0.00339804161240503,11
"207",2019-08-30,2019-07-10,"R","TOWR",4,0.00882879896037678,0.0019449881056842,0.000972494052842099,0.00309491010537772,4,0.00502619878162239,0.000637666310628407,0.000318833155314204,0.00101466939713163,4,0.00380260017875441,0.00215398792919733,0.00107699396459867,0.00342747546344988,4,0.00211358337559714,0.00124456404152525,0.000622282020762625,0.0019803791178205,11
"208",2019-08-30,2019-07-10,"R","USHF",4,0.0130336478736566,0.00381175108843824,0.00190587554421912,0.00606534658403072,4,0.00601804060451613,0.000304153322236431,0.000152076661118216,0.000483975808295548,4,0.00701560726914051,0.0041020771167154,0.0020510385583577,0.00652732008203988,4,0.00401812545506611,0.00254329147674112,0.00127164573837056,0.00404694428170717,11
"209",2019-08-30,2019-07-10,"R","WS09",4,0.0209448670947346,0.00275451015645039,0.00137725507822519,0.00438304033513099,4,0.00657702876598253,0.000187478950499824,9.37394752499119e-05,0.000298320846668316,4,0.014367838328752,0.00273230445078454,0.00136615222539227,0.00434770610215475,4,0.00855387643879345,0.00176030253581957,0.000880151267909787,0.00280103415065027,11
"210",2019-08-30,2019-07-10,"R","WS17",4,0.00960769852214344,0.000951961715399287,0.000475980857699643,0.001514783521972,4,0.00635622744520717,0.000756418372317821,0.00037820918615891,0.00120363042711578,4,0.00325147107693627,0.000706086771417678,0.000353043385708839,0.00112354161845395,4,0.00174144363764248,0.000395554544623807,0.000197777272311903,0.000629415549538107,11
"211",2019-08-30,2019-07-10,"R","WS34",4,0.0139938046731793,0.00397289693647828,0.00198644846823914,0.00632176558838414,4,0.00481127465107764,5.62895797246331e-05,2.81447898623166e-05,8.95692825103157e-05,4,0.00918253002210161,0.00394462032301182,0.00197231016150591,0.006276771186358,4,0.00543035936490556,0.00255558995594348,0.00127779497797174,0.00406651390655625,11
"212",2019-08-30,2019-07-10,"R","WS37",4,0.00721689602903295,0.00121859612408502,0.000609298062042511,0.00193905836636371,4,0.00523654856472134,0.000275225494647702,0.000137612747323851,0.000437945179280731,4,0.00198034746431161,0.00112038932495525,0.000560194662477624,0.00178278943384157,4,0.00105185896923233,0.000619860785815459,0.000309930392907729,0.000986336833804331,11
"213",2019-08-30,2019-07-10,"R","WS55",4,0.00753419006176724,0.00117976875597107,0.000589884377985533,0.00187727535926464,4,0.00450499854793033,0.000299887501631766,0.000149943750815883,0.000477187935784389,4,0.00302919151383691,0.00103629203844407,0.000518146019222035,0.00164897188447062,4,0.00165007262880436,0.000591654292944799,0.000295827146472399,0.000941454009293709,11
